"fecb4208-f6a1-4768-910d-397e038a0c23","01d5e96a-684c-48bd-afd9-9df0ebcb6c62","ORD","2019-11-15T10:52:59.520Z","CHECKED_IN"
"37f849ea-ae55-49a7-8867-6838e51c5452","01d5e96a-684c-48bd-afd9-9df0ebcb6c62","ORD","2019-11-15T11:23:32.748Z","LOADED"
"bda99517-859f-450d-8fbb-2ebf97cf0b2a","01d5e96a-684c-48bd-afd9-9df0ebcb6c62","PVG","2019-11-16T03:08:24.619Z","UNLOADED"
"0eff63ca-736d-4718-ae41-3176f32913af","01d5e96a-684c-48bd-afd9-9df0ebcb6c62","PVG","2019-11-16T03:36:29.429Z","CLAIMED"
"70cd1dc3-a772-4087-9b13-db8ac151c0e1","07ccb967-6802-45a2-8148-f4b38170363e","LAX","2019-11-15T05:58:05.516Z","CHECKED_IN"
"93a2f5d6-4c7c-4f39-8b61-88ab9340b8e2","07ccb967-6802-45a2-8148-f4b38170363e","LAX","2019-11-15T06:11:56.749Z","LOADED"
"31c7ac3e-5763-4025-a8ad-618eaa155dad","07ccb967-6802-45a2-8148-f4b38170363e","ORD","2019-11-15T10:52:31.373Z","UNLOADED"
"0f9cb08d-1dbc-4230-84a2-b478e6f049ef","07ccb967-6802-45a2-8148-f4b38170363e","ORD","2019-11-15T11:32:30.906Z","CLAIMED"
"7d0b73da-8f79-456f-8996-345144a713e4","0c0387a4-a606-47b9-841a-4aeb1cd83688","ORD","2019-11-15T06:04:34.738Z","CHECKED_IN"
"05162f88-fc97-43ac-8a7b-5ac743ec5c21","0c0387a4-a606-47b9-841a-4aeb1cd83688","ORD","2019-11-15T06:21:13.416Z","LOADED"
"c664199a-9925-4951-809a-aa36d9bfd6ad","0c0387a4-a606-47b9-841a-4aeb1cd83688","ATL","2019-11-15T10:01:26.011Z","UNLOADED"
"878201a3-3f86-40e3-9d24-0c92310949e1","0c0387a4-a606-47b9-841a-4aeb1cd83688","ATL","2019-11-15T10:30:05.554Z","CLAIMED"
"8634d712-a2c2-4755-a464-7868ee0fa17d","0c300901-bdb4-4965-8514-31b66e7c86ac","PVG","2019-11-15T06:21:56.854Z","CHECKED_IN"
"e712703a-9fdd-4e42-ba45-beed068cca12","0c300901-bdb4-4965-8514-31b66e7c86ac","PVG","2019-11-15T06:52:30.220Z","LOADED"
"b18ddef5-80a6-419c-a04a-72a8da482a50","0c300901-bdb4-4965-8514-31b66e7c86ac","LHR","2019-11-15T19:31:43.093Z","UNLOADED"
"ce510e92-011f-4cb5-baf9-0959f20b561c","0c300901-bdb4-4965-8514-31b66e7c86ac","LHR","2019-11-15T19:46:47.179Z","LOADED"
"c1f17e8d-9262-432d-aca4-fc6f5f3301eb","0c300901-bdb4-4965-8514-31b66e7c86ac","DXB","2019-11-15T21:35:01.614Z","UNLOADED"
"3033f794-1dce-4ffe-b33a-1debe0837835","0c300901-bdb4-4965-8514-31b66e7c86ac","ORD","2019-11-15T22:31:58.298Z","MISSING"
"b2da314f-87f9-4960-bd52-ba69405c7e7c","0f4d351d-1be5-454e-bca5-25e4f034ca73","ATL","2019-11-15T08:12:06.749Z","CHECKED_IN"
"4cb7d8f2-5b78-486a-bde0-23f3ac3745ff","0f4d351d-1be5-454e-bca5-25e4f034ca73","ATL","2019-11-15T08:38:38.469Z","LOADED"
"c69e8949-936f-4f5d-ac7d-05fbc1afbc94","0f4d351d-1be5-454e-bca5-25e4f034ca73","ORD","2019-11-15T12:19:40.789Z","UNLOADED"
"394ef9fe-38d9-47ea-adb3-6ae0e8ce4e0e","0f4d351d-1be5-454e-bca5-25e4f034ca73","ORD","2019-11-15T12:49:34.607Z","CLAIMED"
"9ef3db2b-da93-4281-8bcf-310621910bd4","17158d9f-ccd7-4dac-b81c-03e0a42e31c3","PEK","2019-11-15T10:47:54.977Z","CHECKED_IN"
"f9a97ee8-8b8a-4edd-a3a9-097f6a69cf54","17158d9f-ccd7-4dac-b81c-03e0a42e31c3","PEK","2019-11-15T11:38:46.766Z","LOADED"
"ae99fa2a-1a32-4217-a868-370688c1cb6c","17158d9f-ccd7-4dac-b81c-03e0a42e31c3","PVG","2019-11-15T14:53:00.208Z","UNLOADED"
"979f7583-f096-4976-9bcd-26be5d2a9d1d","17158d9f-ccd7-4dac-b81c-03e0a42e31c3","PVG","2019-11-15T15:26:34.369Z","DAMAGED"
"4db3166d-45a1-4f4e-abc2-ce6a36326a74","17158d9f-ccd7-4dac-b81c-03e0a42e31c3","PVG","2019-11-15T16:14:34.516Z","LOADED"
"cdef15c9-c48a-45b9-a210-4335ced734c2","17158d9f-ccd7-4dac-b81c-03e0a42e31c3","DXB","2019-11-15T20:27:11.691Z","UNLOADED"
"d4f76997-5612-4a53-b624-7e3242464e39","17158d9f-ccd7-4dac-b81c-03e0a42e31c3","ATL","2019-11-15T20:50:11.278Z","MISSING"
"0c42ba92-6bfb-46a8-b401-17f51be7ca5f","1ccc4c2b-e9de-441d-a670-4062d39b118a","ATL","2019-11-15T08:11:21.407Z","CHECKED_IN"
"28504b9f-05db-499b-98cd-9344f5698736","1ccc4c2b-e9de-441d-a670-4062d39b118a","ATL","2019-11-15T08:37:03.553Z","LOADED"
"637a1044-0ecc-49b9-97c9-b73f798e46bd","1ccc4c2b-e9de-441d-a670-4062d39b118a","ORD","2019-11-15T12:17:20.590Z","UNLOADED"
"cde78df2-0918-4ee9-ae30-04875e63c125","1ccc4c2b-e9de-441d-a670-4062d39b118a","ORD","2019-11-15T12:48:29.367Z","CLAIMED"
"ee180f36-a459-49a8-8c63-f1ca7afe9eac","267c8126-b658-426a-99e8-44b553828790","DXB","2019-11-15T01:29:35.899Z","CHECKED_IN"
"a6c853be-f0cf-44f7-a2ce-0e45e2fa06c0","267c8126-b658-426a-99e8-44b553828790","DXB","2019-11-15T02:17:48.565Z","LOADED"
"e069ed37-de64-4309-8186-57cb6e593ea3","267c8126-b658-426a-99e8-44b553828790","HND","2019-11-15T19:27:29.214Z","UNLOADED"
"f941067a-3f53-4429-899f-328c681b7efe","267c8126-b658-426a-99e8-44b553828790","CDG","2019-11-15T19:44:34.831Z","MISSING"
"f914421c-8010-4d23-b156-17553e89dcba","36cdc861-5370-472e-9e7c-1f605b5a6996","HEL","2019-11-15T10:45:38.361Z","CHECKED_IN"
"08590104-5775-487f-9eab-c736655f6c03","36cdc861-5370-472e-9e7c-1f605b5a6996","HEL","2019-11-15T11:06:31.781Z","LOADED"
"8ab9d1f8-a4bd-4e4d-8128-0784c072cbf6","36cdc861-5370-472e-9e7c-1f605b5a6996","PEK","2019-11-15T19:48:31.077Z","UNLOADED"
"2dc58b6c-b492-4444-a2ff-d62998c083f9","36cdc861-5370-472e-9e7c-1f605b5a6996","PEK","2019-11-15T20:13:49.684Z","CLAIMED"
"bbc4fcbe-fbc1-433f-9c1e-7ea9e377208a","4202cdca-9176-4b6c-aced-745f90741712","HKG","2019-11-15T03:34:38.057Z","CHECKED_IN"
"ff643632-2695-4a97-8b69-efe151639e9a","4202cdca-9176-4b6c-aced-745f90741712","HKG","2019-11-15T04:28:01.831Z","LOADED"
"6fc672b2-95c8-4c93-90fd-8109336cd51a","4202cdca-9176-4b6c-aced-745f90741712","PVG","2019-11-15T08:04:14.758Z","UNLOADED"
"fd7e0454-483a-4178-a09c-4d9852408d70","4202cdca-9176-4b6c-aced-745f90741712","PVG","2019-11-15T08:49:27.087Z","CLAIMED"
"0aa373c0-c035-4e1f-8f76-054bba9e645d","483aecd2-81eb-4a24-b4f8-3dafa619be4e","CDG","2019-11-15T09:19:48.153Z","CHECKED_IN"
"346378eb-6ea0-4d44-8c55-b19ad4e32d0d","483aecd2-81eb-4a24-b4f8-3dafa619be4e","CDG","2019-11-15T09:43:30.145Z","LOADED"
"2c8a8c31-377c-4881-a127-7e1d6601d863","483aecd2-81eb-4a24-b4f8-3dafa619be4e","ORD","2019-11-15T20:32:02.197Z","UNLOADED"
"cddcd878-7d2b-4224-b4cf-068ed9496c74","483aecd2-81eb-4a24-b4f8-3dafa619be4e","ORD","2019-11-15T21:03:33.462Z","CLAIMED"
"b4bde993-1ed2-4642-a102-7f35d82ae97e","5731ff16-6e76-4947-abce-f1fbbb68f936","LHR","2019-11-15T02:30:23.765Z","CHECKED_IN"
"cae782c0-c250-4df5-ab15-ac10d1496cba","5731ff16-6e76-4947-abce-f1fbbb68f936","LHR","2019-11-15T03:09:17.181Z","LOADED"
"3e16baff-27d9-486e-8824-80043bf1d070","5731ff16-6e76-4947-abce-f1fbbb68f936","ORD","2019-11-15T13:46:49.185Z","UNLOADED"
"201bda8a-42b4-45e2-a6c2-b36733587d50","5731ff16-6e76-4947-abce-f1fbbb68f936","ORD","2019-11-15T14:33:06.530Z","LOADED"
"2a2c697f-d7e7-43ba-9dd3-d496a57ad689","5731ff16-6e76-4947-abce-f1fbbb68f936","ATL","2019-11-15T17:55:15.411Z","UNLOADED"
"a61c0de7-b564-4aac-897a-983f91fd3d25","5731ff16-6e76-4947-abce-f1fbbb68f936","ATL","2019-11-15T18:19:10.092Z","DAMAGED"
"c94eaf3f-5a5b-41ef-9529-e6a17271026a","5731ff16-6e76-4947-abce-f1fbbb68f936","ATL","2019-11-15T19:14:37.060Z","LOADED"
"28d5271c-adca-4cb5-8a36-aab7ffdd2de4","5731ff16-6e76-4947-abce-f1fbbb68f936","DXB","2019-11-16T12:55:12.127Z","UNLOADED"
"c57b03c1-eef2-4b1a-b834-257c911221a7","5731ff16-6e76-4947-abce-f1fbbb68f936","DXB","2019-11-16T14:02:22.082Z","LOADED"
"1e3e9fa3-55f4-410e-beb5-56742d83f15c","5731ff16-6e76-4947-abce-f1fbbb68f936","HND","2019-11-17T01:00:45.752Z","UNLOADED"
"6117082f-ccfb-4eb2-838b-7ac59e3a943e","5731ff16-6e76-4947-abce-f1fbbb68f936","HND","2019-11-17T01:13:13.171Z","CLAIMED"
"235a0c93-166e-477e-b621-323cd56906e4","5af7a198-d7d0-4025-8387-a4825828b85a","ORD","2019-11-15T06:05:15.060Z","CHECKED_IN"
"b0cab476-0663-4509-9e0f-57250024c72d","5af7a198-d7d0-4025-8387-a4825828b85a","ORD","2019-11-15T06:19:10.569Z","LOADED"
"ce40709b-2f3c-4575-bae8-b4f175551b2c","5af7a198-d7d0-4025-8387-a4825828b85a","ATL","2019-11-15T10:03:08.193Z","UNLOADED"
"5cd02b59-8a78-4407-9ab4-c9eb6c1d2243","5af7a198-d7d0-4025-8387-a4825828b85a","ATL","2019-11-15T10:33:43.598Z","CLAIMED"
"ded70daf-d38d-40cf-a80a-34ffa89dc6ed","5b1c521f-e004-416a-bf4f-2d4ff704e30d","HEL","2019-11-15T07:20:42.978Z","CHECKED_IN"
"501941a8-d7f5-481b-a020-556e7b897160","5b1c521f-e004-416a-bf4f-2d4ff704e30d","HEL","2019-11-15T07:59:28.964Z","LOADED"
"35dcaf0f-a572-429b-8bd0-28c5b083d92d","5b1c521f-e004-416a-bf4f-2d4ff704e30d","ATL","2019-11-15T10:56:25.493Z","UNLOADED"
"3487a69c-822d-42a0-8e71-7389ba820ec4","5b1c521f-e004-416a-bf4f-2d4ff704e30d","LHR","2019-11-15T11:15:57.718Z","MISSING"
"afe22684-86c1-462e-a674-b8d279ee4e7a","7453e7be-7471-4d9a-9e20-f91ffdbbd19c","ATL","2019-11-15T08:13:32.162Z","CHECKED_IN"
"961f95eb-5f10-4fe5-a554-e664d5e01068","7453e7be-7471-4d9a-9e20-f91ffdbbd19c","ATL","2019-11-15T08:32:36.729Z","LOADED"
"1a9db0c7-7b27-44f0-b633-b9558fe7e364","7453e7be-7471-4d9a-9e20-f91ffdbbd19c","ORD","2019-11-15T12:12:32.766Z","UNLOADED"
"ed70e7eb-654b-4792-ac90-47da501beb71","7453e7be-7471-4d9a-9e20-f91ffdbbd19c","ORD","2019-11-15T12:45:58.710Z","CLAIMED"
"7fcec660-175b-48db-a505-383163e188c7","78696b39-e03b-49b0-be09-bdb8f89af67d","HEL","2019-11-15T02:04:23.318Z","CHECKED_IN"
"eed8e8cc-7e37-4afa-98d1-0f94df0f5024","78696b39-e03b-49b0-be09-bdb8f89af67d","HEL","2019-11-15T02:15:36.885Z","LOADED"
"366f6261-2628-43b4-b9d2-a6568a064bcb","78696b39-e03b-49b0-be09-bdb8f89af67d","LAX","2019-11-15T14:38:36.983Z","UNLOADED"
"2b816e91-e8d6-42b2-8e90-c5f09bc54234","78696b39-e03b-49b0-be09-bdb8f89af67d","LAX","2019-11-15T15:06:47.453Z","DAMAGED"
"4f60827b-f411-4876-8159-3a0c62ed6a4c","78696b39-e03b-49b0-be09-bdb8f89af67d","LAX","2019-11-15T15:37:38.590Z","CLAIMED"
"78eb59a2-b01d-4ab8-ab8a-b7077eb3e1e4","87c30225-c890-4e32-a434-b33d9c3ce6af","DXB","2019-11-15T09:34:45.325Z","CHECKED_IN"
"11012144-0418-40ea-a41e-b0a8a037b238","87c30225-c890-4e32-a434-b33d9c3ce6af","DXB","2019-11-15T10:32:16.796Z","LOADED"
"9c6b3a12-6b3e-4633-aa67-f91336e445d0","87c30225-c890-4e32-a434-b33d9c3ce6af","ATL","2019-11-16T04:15:18.550Z","UNLOADED"
"ce9d57b4-d1c4-4b6c-862a-f1d633781559","87c30225-c890-4e32-a434-b33d9c3ce6af","ATL","2019-11-16T04:33:51.149Z","CLAIMED"
"a7d9f160-a9c0-4e84-b9c6-2fc2a33b9ecd","8a17feb4-4c56-47c5-86f7-621157067688","PVG","2019-11-15T09:28:54.565Z","CHECKED_IN"
"8f0851a5-6bcb-4329-bd03-5ffcf9a3034d","8a17feb4-4c56-47c5-86f7-621157067688","PVG","2019-11-15T09:35:52.817Z","LOADED"
"2455bd57-7bef-45d7-ad57-900b4a82d427","8a17feb4-4c56-47c5-86f7-621157067688","LAX","2019-11-16T00:46:57.677Z","UNLOADED"
"9b6e8d6f-9ac2-43b5-b1dc-d0810c9a1267","8a17feb4-4c56-47c5-86f7-621157067688","LAX","2019-11-16T01:12:31.601Z","DAMAGED"
"f4092a35-c98b-4361-9db7-8717d9c1854b","8a17feb4-4c56-47c5-86f7-621157067688","LAX","2019-11-16T01:45:26.610Z","LOADED"
"ebffe44d-f6f8-4a74-9517-21efa4a76dce","8a17feb4-4c56-47c5-86f7-621157067688","CDG","2019-11-16T14:41:22.694Z","UNLOADED"
"62c76f60-3bf9-434a-8c38-ca7dcf3e08de","8a17feb4-4c56-47c5-86f7-621157067688","PEK","2019-11-16T14:58:26.016Z","MISSING"
"4f844fec-182e-4977-900e-f4f1acf7e4d3","8f4ab51a-fbbf-4e0f-8802-f64f7a3e601c","LHR","2019-11-15T11:45:42.421Z","CHECKED_IN"
"9f0f980c-42db-4b77-afef-b493a5d19f55","8f4ab51a-fbbf-4e0f-8802-f64f7a3e601c","LHR","2019-11-15T12:37:38.901Z","LOADED"
"383e4174-26c2-477c-9de8-6e30609d8008","8f4ab51a-fbbf-4e0f-8802-f64f7a3e601c","PVG","2019-11-16T00:53:58.305Z","UNLOADED"
"0352d389-9b7d-4af5-8d33-29384bb53529","8f4ab51a-fbbf-4e0f-8802-f64f7a3e601c","PVG","2019-11-16T01:27:33.287Z","DAMAGED"
"7d8b83ec-dfa2-4f0c-a721-a03978fc6890","8f4ab51a-fbbf-4e0f-8802-f64f7a3e601c","PVG","2019-11-16T02:02:47.603Z","CLAIMED"
"149ca57e-fbfb-49a7-ab78-6a9423e571ed","90cda708-b57d-4195-b30d-627e9f99ea36","ORD","2019-11-15T10:26:39.370Z","CHECKED_IN"
"477d1827-2f7a-4461-8d61-1b99e1ce55d1","90cda708-b57d-4195-b30d-627e9f99ea36","ORD","2019-11-15T11:04:09.610Z","LOADED"
"36191ecf-d6f6-498f-ad38-bd178421600d","90cda708-b57d-4195-b30d-627e9f99ea36","PVG","2019-11-16T03:02:14.288Z","UNLOADED"
"0bd18908-e86c-4247-9502-05d5344585b9","90cda708-b57d-4195-b30d-627e9f99ea36","PVG","2019-11-16T03:30:06.923Z","CLAIMED"
"04331fe9-f726-4588-925e-adaba1aa2d29","93285f3b-faea-4908-945d-5417bcd49c73","DXB","2019-11-15T01:57:46.771Z","CHECKED_IN"
"f268aa80-85eb-4af7-bd07-843f530b6502","93285f3b-faea-4908-945d-5417bcd49c73","DXB","2019-11-15T02:45:53.025Z","LOADED"
"f683414e-7563-49f6-9631-0eb09a62b754","93285f3b-faea-4908-945d-5417bcd49c73","LAX","2019-11-15T18:21:37.768Z","UNLOADED"
"5f1c6660-f28e-40ef-9f41-a2e485b9d150","93285f3b-faea-4908-945d-5417bcd49c73","HND","2019-11-15T19:26:58.447Z","MISSING"
"eb1bf7e6-0a6c-4fd2-8c36-eec63e01301d","9d51fd62-1b0d-45b6-b68a-4b121bd27dff","PEK","2019-11-15T11:27:42.981Z","CHECKED_IN"
"0ccf40f5-94e1-4a74-a43d-011d027c7f4a","9d51fd62-1b0d-45b6-b68a-4b121bd27dff","PEK","2019-11-15T11:56:36.430Z","LOADED"
"80a3ded2-a418-4844-b57d-dde5e06d5248","9d51fd62-1b0d-45b6-b68a-4b121bd27dff","LHR","2019-11-15T23:30:45.194Z","UNLOADED"
"0c5333b7-71ea-40b1-a3c5-a0ed6bd18ff4","9d51fd62-1b0d-45b6-b68a-4b121bd27dff","LHR","2019-11-16T00:16:58.576Z","CLAIMED"
"d1f98eea-45b8-447c-9f0a-8baca0476ec7","a61905ba-b22b-48aa-9a73-1dd2ef0df980","PEK","2019-11-15T07:30:04.571Z","CHECKED_IN"
"26c9eaa3-42ef-48c0-ba09-eb3be56c860a","a61905ba-b22b-48aa-9a73-1dd2ef0df980","PEK","2019-11-15T08:27:56.737Z","LOADED"
"8b09878e-c45c-43ac-9199-a4fa087f678d","a61905ba-b22b-48aa-9a73-1dd2ef0df980","HND","2019-11-15T14:06:08.546Z","UNLOADED"
"c92e8806-579b-4382-bd4c-9b3461f051f5","a61905ba-b22b-48aa-9a73-1dd2ef0df980","HND","2019-11-15T14:38:24.083Z","CLAIMED"
"4b7e6dee-c998-47ac-bdfe-d62e95dfc68c","bf491d4b-fdd5-447e-91bb-7c6e8167147e","LAX","2019-11-15T03:03:08.382Z","CHECKED_IN"
"f50c68ab-749c-42cb-a7c6-cf5ae1acf70a","bf491d4b-fdd5-447e-91bb-7c6e8167147e","LAX","2019-11-15T03:10:17.957Z","LOADED"
"851addaa-fbba-42a8-b177-86646bd3aaab","bf491d4b-fdd5-447e-91bb-7c6e8167147e","CDG","2019-11-15T15:41:47.138Z","UNLOADED"
"3d0eb28c-925d-4c14-b1f5-34758fe51b43","bf491d4b-fdd5-447e-91bb-7c6e8167147e","CDG","2019-11-15T16:21:22.952Z","LOADED"
"5102ac5a-f4b4-4859-a951-44d20c44006c","bf491d4b-fdd5-447e-91bb-7c6e8167147e","DXB","2019-11-15T23:22:33.628Z","UNLOADED"
"43e531fc-88fe-48e4-a8f4-f7e927b43823","bf491d4b-fdd5-447e-91bb-7c6e8167147e","DXB","2019-11-15T23:59:30.168Z","DAMAGED"
"5f80ed5c-df28-4ff4-a2ad-35bafeabb18d","bf491d4b-fdd5-447e-91bb-7c6e8167147e","DXB","2019-11-16T00:41:31.294Z","LOADED"
"6e1819f7-6976-4647-be88-92962be2ba30","bf491d4b-fdd5-447e-91bb-7c6e8167147e","ATL","2019-11-16T01:21:51.601Z","MISSING"
"4b8fddb5-8859-462b-99a3-1fe4568f7961","bf491d4b-fdd5-447e-91bb-7c6e8167147e","CDG","2019-11-16T07:41:19.774Z","UNLOADED"
"7f26e895-49e0-4401-86f4-76ce9f1d3961","c26cb293-a897-4887-9ed5-2d3e9cc44c60","HKG","2019-11-15T10:09:37.814Z","CHECKED_IN"
"076e2d80-00a3-46ef-9a2d-9c2d75dac3da","c26cb293-a897-4887-9ed5-2d3e9cc44c60","HKG","2019-11-15T10:13:43.813Z","LOADED"
"fb27c213-741c-4084-95d8-8e5a807bb245","c26cb293-a897-4887-9ed5-2d3e9cc44c60","HEL","2019-11-15T23:54:50.069Z","UNLOADED"
"7522d468-69ca-4d68-a057-d99b7470c580","c26cb293-a897-4887-9ed5-2d3e9cc44c60","LHR","2019-11-16T00:55:26.116Z","MISSING"
"8faa3f3a-b0c4-4407-a4fd-f7d83028b818","caf39270-78ca-4881-b7d0-ce44165c837c","ORD","2019-11-15T07:23:48.969Z","CHECKED_IN"
"9fb1ab3d-769c-4a6b-a734-3cf555116001","caf39270-78ca-4881-b7d0-ce44165c837c","ORD","2019-11-15T08:03:00.277Z","LOADED"
"a5011010-0c9a-4598-b0ba-478866d52405","caf39270-78ca-4881-b7d0-ce44165c837c","HND","2019-11-15T12:12:52.658Z","UNLOADED"
"67fcd492-991f-494c-9c20-fd88b343ae64","caf39270-78ca-4881-b7d0-ce44165c837c","LAX","2019-11-15T13:12:31.858Z","MISSING"
"5e857464-fdee-40f0-ab49-25ca73bbbc6f","d2b2a0d5-bb6e-4422-87b8-28a329fa5455","PVG","2019-11-15T07:35:55.239Z","CHECKED_IN"
"389208ae-16e7-4bd4-b6d7-5de6e7c9b8be","d2b2a0d5-bb6e-4422-87b8-28a329fa5455","PVG","2019-11-15T08:17:06.598Z","LOADED"
"bf8fd8d1-cd6b-4bc6-8eef-d47b923bc4b4","d2b2a0d5-bb6e-4422-87b8-28a329fa5455","ORD","2019-11-15T23:53:05.289Z","UNLOADED"
"2d32e053-1094-48a5-896b-ab406de64a07","d2b2a0d5-bb6e-4422-87b8-28a329fa5455","ORD","2019-11-16T01:07:54.349Z","LOADED"
"76ebc250-f736-481e-8281-b78ecaf84e0e","d2b2a0d5-bb6e-4422-87b8-28a329fa5455","PEK","2019-11-16T15:49:40.810Z","UNLOADED"
"2985f77f-4eff-4f6f-85af-2f2936b185e1","d2b2a0d5-bb6e-4422-87b8-28a329fa5455","PEK","2019-11-16T16:15:17.484Z","CLAIMED"
"59cf2d44-69c0-4d96-bf1b-166412a593e2","d37fb53e-d06e-4912-9290-ae7541b5312c","PEK","2019-11-15T11:29:50.485Z","CHECKED_IN"
"12a712fc-e44b-45be-9184-82abecafeb1b","d37fb53e-d06e-4912-9290-ae7541b5312c","PEK","2019-11-15T12:00:50.803Z","LOADED"
"23c4f3f3-a9b3-4e9a-ac58-166f80eca080","d37fb53e-d06e-4912-9290-ae7541b5312c","LHR","2019-11-15T23:32:29.203Z","UNLOADED"
"d96a79cc-9286-4d4e-8446-226460fc057a","d37fb53e-d06e-4912-9290-ae7541b5312c","LHR","2019-11-16T00:12:51.931Z","CLAIMED"
"b4300f08-9826-4dcf-8850-efc4b956397d","d5bb42c7-12db-4875-8c27-f0da0a3d0257","HKG","2019-11-15T05:03:59.161Z","CHECKED_IN"
"86ad8129-3347-430e-8eac-1eadea22947d","d5bb42c7-12db-4875-8c27-f0da0a3d0257","HKG","2019-11-15T05:48:41.846Z","LOADED"
"97d92097-a9b5-48ba-8228-1ab0f81d5265","d5bb42c7-12db-4875-8c27-f0da0a3d0257","PEK","2019-11-15T07:20:08.831Z","UNLOADED"
"fae6b51b-42cc-4285-95b3-d3397c6bd0c7","d5bb42c7-12db-4875-8c27-f0da0a3d0257","PVG","2019-11-15T08:19:41.610Z","MISSING"
"cd74b253-c905-4441-bf9f-d36b2b7d1337","e4bd8e79-59c2-42c1-be9a-34c9d5c61f18","HKG","2019-11-15T11:11:49.606Z","CHECKED_IN"
"2627f4ba-eb77-4fc7-8970-6b333b8b7adb","e4bd8e79-59c2-42c1-be9a-34c9d5c61f18","HKG","2019-11-15T11:52:42.125Z","LOADED"
"7ef114f9-348f-491a-8338-a4de26e51898","e4bd8e79-59c2-42c1-be9a-34c9d5c61f18","PVG","2019-11-15T15:18:42.064Z","UNLOADED"
"92ea0972-c4d7-49f4-b080-c63c80e71050","e4bd8e79-59c2-42c1-be9a-34c9d5c61f18","PVG","2019-11-15T15:28:53.262Z","DAMAGED"
"db7f5779-e66b-44e2-aa55-a7beeb26665b","e4bd8e79-59c2-42c1-be9a-34c9d5c61f18","PVG","2019-11-15T16:09:35.999Z","CLAIMED"
"1af5b6d8-2f07-40e4-b0f7-428a97ba65d9","e7d2cb0e-5df7-428d-8d18-4cc298cfb423","ATL","2019-11-15T00:59:07.251Z","CHECKED_IN"
"419ce34a-9a88-45ec-a667-f152bd90ec85","e7d2cb0e-5df7-428d-8d18-4cc298cfb423","ATL","2019-11-15T01:23:56.950Z","LOADED"
"8ce30f21-1596-48e0-9e5c-e3280bb5ac9c","e7d2cb0e-5df7-428d-8d18-4cc298cfb423","ORD","2019-11-15T05:09:22.768Z","UNLOADED"
"bc1cf66b-20ee-45bd-8894-47cdff4c04f0","e7d2cb0e-5df7-428d-8d18-4cc298cfb423","ORD","2019-11-15T05:31:13.265Z","CLAIMED"
"7e3a2734-1838-4988-9ca0-743d19d786a4","efd334e2-576a-4d92-9cb9-755ec7de04d7","PVG","2019-11-15T06:19:26.758Z","CHECKED_IN"
"8bbc37c1-02da-4aa0-8966-526008003eba","efd334e2-576a-4d92-9cb9-755ec7de04d7","PVG","2019-11-15T06:54:04.145Z","LOADED"
"50b47b10-7998-45c2-9eff-57a81de2e422","efd334e2-576a-4d92-9cb9-755ec7de04d7","LHR","2019-11-15T19:32:21.003Z","UNLOADED"
"f2aa016e-8ebc-4c2c-8e45-edcdc308332e","efd334e2-576a-4d92-9cb9-755ec7de04d7","LHR","2019-11-15T19:47:51.951Z","LOADED"
"0165136f-8758-42d1-8a34-461556b7b01c","efd334e2-576a-4d92-9cb9-755ec7de04d7","DXB","2019-11-15T21:32:19.596Z","UNLOADED"
"45b72a2d-7309-4e41-9ae4-14361384811c","efd334e2-576a-4d92-9cb9-755ec7de04d7","ORD","2019-11-15T22:33:05.102Z","MISSING"
"de6a9914-c397-4daf-a0bf-e02f4fe1cb45","f04af1b4-ba3e-43cb-bad9-d1006988f7e8","HND","2019-11-15T09:08:30.412Z","CHECKED_IN"
"0e7eb8ac-6bdf-4d14-b381-d4ceb99456b0","f04af1b4-ba3e-43cb-bad9-d1006988f7e8","HND","2019-11-15T10:07:59.587Z","LOADED"
"d182600f-bfbd-4803-9586-5a08d74a73e3","f04af1b4-ba3e-43cb-bad9-d1006988f7e8","LAX","2019-11-15T20:48:51.643Z","UNLOADED"
"1c6b140c-54eb-41b6-8282-9131e3c95e58","f04af1b4-ba3e-43cb-bad9-d1006988f7e8","LAX","2019-11-15T21:32:52.379Z","CLAIMED"
"b398bb66-7b11-44a4-9b4c-a6d973081256","f151cd0a-f56e-4fec-843e-4c577d45c48f","PVG","2019-11-15T07:34:42.895Z","CHECKED_IN"
"deaffefd-ba8f-45b8-9648-2a1cd5fb5fb3","f151cd0a-f56e-4fec-843e-4c577d45c48f","PVG","2019-11-15T08:14:19.249Z","LOADED"
"40f1ddff-f2fd-4e28-8400-8c0c39ba0f41","f151cd0a-f56e-4fec-843e-4c577d45c48f","ORD","2019-11-15T23:52:07.304Z","UNLOADED"
"95249d33-02ba-48fa-873c-76f2643ee7cb","f151cd0a-f56e-4fec-843e-4c577d45c48f","ORD","2019-11-16T01:03:21.548Z","LOADED"
"42ba5d30-bf0d-4531-87e8-a8df0e716b0e","f151cd0a-f56e-4fec-843e-4c577d45c48f","PEK","2019-11-16T15:50:56.705Z","UNLOADED"
"a45d4998-06cf-470f-81e5-92e4ca4c021e","f151cd0a-f56e-4fec-843e-4c577d45c48f","PEK","2019-11-16T16:13:46.903Z","CLAIMED"
"d1a9d7b9-e8d6-4a69-82f8-f584f3c52a23","fd65bd9a-5bae-4740-943d-cac10b89febe","PVG","2019-11-15T05:23:07.120Z","CHECKED_IN"
"2ae9f62d-79bc-40d8-a381-ed6b5b3c609b","fd65bd9a-5bae-4740-943d-cac10b89febe","PVG","2019-11-15T05:58:00.798Z","LOADED"
"08cf6afd-6d07-4980-87bb-a4cc6ef7e0c3","fd65bd9a-5bae-4740-943d-cac10b89febe","ORD","2019-11-15T21:49:00.485Z","UNLOADED"
"f5f60284-36e4-4914-854d-fc61d649e5ec","fd65bd9a-5bae-4740-943d-cac10b89febe","ORD","2019-11-15T22:18:17.323Z","CLAIMED"
"f4de3195-fa00-48ec-ab30-2be1874a3ead","fe1f5ee8-5684-4bc8-a473-fed319639769","ORD","2019-11-15T08:01:02.104Z","CHECKED_IN"
"5cd14683-2ebe-4e82-bb27-35b83ffce2da","fe1f5ee8-5684-4bc8-a473-fed319639769","ORD","2019-11-15T08:13:15.454Z","LOADED"
"bb70f562-2b71-43cb-910a-6882a6f65621","fe1f5ee8-5684-4bc8-a473-fed319639769","LAX","2019-11-15T12:56:52.049Z","UNLOADED"
"cec757fc-83a4-42ea-b810-e4cb7e39b321","fe1f5ee8-5684-4bc8-a473-fed319639769","LAX","2019-11-15T13:42:40.882Z","CLAIMED"